Sr. No.,Routes No.,EMME Code,Depot,Description,Length (km),Peak,Off Peak,Travel Time (min),No of Buses,City / Suburban service,Daily ridership
1,3,C3,II,MAULI JAGRAN TO PGI,17,60,78,62,2,CITY,764
2,11,C11,II,ISBT-17 TO PB.CIVIL SECTT.,7.1,60,78,25,1,CITY,240
3,17,C17,II,ISBT-43 TO AIR PORT,15.3,20,26,64,6,CITY,2695
4,18,C18,II,ISBT-43 TO KAIMBWALA,15.5,30,39,50,4,CITY,1290
5,22,C22,IV,ISBT-43 TO MATA MANSA DEVI,19.6,15,20,73,7,CITY,4597
6,28,C28,III,MALOYA TO MATA MANSA DEVI,25.9,45,59,107,4,CITY,1094
7,71,C71,II,ISBT-43 TO SAKETRI (KAIMBWALA),24,30,39,88,6,CITY,2755
8,143,C143,II,DHANAS TO AIRPORT,21.3,75,98,69,2,CITY,501
9,241,C241,IV,ISBT-43 TO Mansa Devi,22,20,26,70,9,CITY,3876
10,1A,C1A,III,PGI to PGI,27.4,20,26,106,5,CITY,1125
11,1C,C1C,III,PGI to PGI,27.4,20,26,100,5,CITY,1407
12,2A,C2A,II,MANI MAJRA TO MANI MAJRA,38.3,20,26,134,6,CITY,2591
13,2C,C2C,II,MANI MAJRA TO MANI MAJRA,38.3,20,26,138,6,CITY,2627
14,2D,C2D,II,PGI TO IT Park,21,35,46,71,4,CITY,992
15,4A,C4A,IV,SBT-43 to ISBT-43,31,25,33,104,4,CITY,1303
16,4C,C4C,IV,ISBT-43 to ISBT-43,31,25,33,80,4,CITY,1454
17,5A,C5A,IV,RAM DARBAR TO RAM DARBAR,33.9,15,20,126,8,CITY,5622
18,5C,C5C,IV,RAM DARBAR TO RAM DARBAR,33.9,15,20,123,8,CITY,5642
19,7A,C7A,III,ISBT-17 to ISBT-17,36,25,33,114,4,CITY,1163
20,7C,C7C,III,ISBT-17 to ISBT-17,36,25,33,109,4,CITY,819
21,18B,C18B,II,"ISBT-43/SESSION COURT TO
H/COURT",14,30,39,53,4,CITY,326
22,23A,C23A,II,ISBT-43 TO KHUDA ALI SHER,16,15,20,69,7,CITY,2565
23,28A,C28A,III,ISBT-43 to ISBT-43,25.7,30,39,76,3,CITY,1054
24,28C,C28C,III,ISBT-43 to ISBT-43,25.7,30,39,89,3,CITY,1217
25,10,C10AC,II,ISBT-43 TO MATA MANSA DEVI,19.4,25,33,84,5,CITY,1083
26,37,C37AC,II,ISBT 43 TO RAILWAY STATION,12,90,117,38,1,CITY,179
27,202,C202AC,IV,"ISBT-43 TO PB. CIVIL. SECTT. (HIGH
COURT)",13,52,68,35,6,CITY,2144
28,203,C203AC,II,ISBT-43 TO MATA MANSA DEVI,18,35,46,80,4,CITY,653
29,205,C205AC,IV,ISBT-43 to PGI,11.1,44,57,34,6,CITY,2245
30,206,C206AC,IV,ISBT-43 TO I.T.Park,18.1,20,26,67,7,CITY,3629
31,240,C240AC,II,ISBT-43 TO MATA MANSA DEVI,20.4,30,39,92,5,CITY,1455
32,24A,C24AAC,II,ISBT 43 TO PGI,9.8,80,104,38,1,CITY,176
33,24C,C24CAC,II,ISBT 43 to ISBT-17,5.7,25,33,24,2,CITY,447
34,254,C254AC,II,ISBT 43 TO IT PARK,19.6,70,91,70,2,CITY,356
35,239A,C239A,IV,ISBT-43 to ISBT-43,23.2,25,33,97,3,CITY,722
36,239C,C239CAC,IV,ISBT-43 to ISBT-43,23.2,25,33,83,3,CITY,959
37,8,C8,II,MOHALI Ph-XI to PGI,25.6,35,46,78,4,SUB,613
38,25,C25,III,CHD TO KHIZRABAD,27.2,30,39,84,3,SUB,1037
39,30,C30,II,ISBT-43 TO NADA SAHIB,21.5,40,52,79,4,SUB,2266
40,32,C32,III,PGI TO DERABASSI,35,30,39,103,6,SUB,2577
41,34,C34,II,PGI TO DERABASSI,28,20,26,112,9,SUB,2135
42,35,C35,III,ISBT-17 TO KHARAR,18.3,20,26,76,6,SUB,3624
43,39,C39,IV,MOHALI PH-11 TO PGI,24.4,15,20,82,12,SUB,6426
44,40,C40,III,CHD TO KHIZRABAD,31,60,78,97,3,SUB,1271
45,79,C79,II,PGI TO CHHATTBIR ZOO,27.9,45,59,95,4,SUB,1128
46,80,C80,II,ZIRAKPUR TO PGI,20,30,39,73,5,SUB,1644
47,212,C212,II,"PGI TO ZIRAKPUR ( SINGHPURA
BHUDA)",20.4,20,26,98,6,SUB,3071
48,213,C213,II,LANDRAN to DERA BASSI,34,30,39,110,7,SUB,1181
49,242,C242,IV,LANDRAN TO PGI,24.6,20,26,77,8,SUB,4526
50,2B,C2B,II,PGI TO PANCHKULA BUS STAND,22.4,30,39,76,5,SUB,1429
51,2F,C2F,II,PGI TO DHAKOLI BORDER,27.6,30,39,95,6,SUB,2350
52,9A,C9A,II,"MATA MANSA DEVI TO MATA
MANSA DEVI",37,30,39,141,4,SUB,1320
53,9C,C9C,II,"MATA MANSA DEVI TO MATA
MANSA DEVI",37,30,39,139,4,SUB,1587
54,20A,C20A,III,CHD TO KHARAR,25.6,30,39,103,6,SUB,2145
55,25A,C25A,III,CHD TO KHIZRABAD,27,30,39,76,3,SUB,1246
56,30A,C30A,II,ISBT-43 TO CANTONMENT,21.1,30,39,80,5,SUB,2395
57,30B,C30B,II,ISBT-43 TO PANCHKULA SEC-4,20.7,25,33,66,6,SUB,2379
58,32A,C32A,III,"NEW ISBT-MOHALI TO MATA
MANSA DEVI",23.1,45,59,94,4,SUB,742
59,35B,C35B,III,ISBT-17 TO KHARAR,19.2,20,26,82,6,SUB,3327
60,123A,C123A,II,MOHALI R/STATION TO PGI,19.8,30,39,65,5,SUB,1855
61,20,C20AC,III,CHD TO KHARAR,25.6,30,39,89,6,SUB,3093
62,26,C26AC,II,DHANAS TO DHAKOLI,29,45,59,110,4,SUB,1445
63,36,C36AC,III,PGI TO NEW AIRPORT,30.9,45,59,91,4,SUB,622
64,38,C38AC,III,ISBT-17 TO NEW AIRPORT,21.3,45,59,73,3,SUB,757
65,211,C211AC,II,PGI TO CANTONMENT,22.3,40,52,79,4,SUB,909
66,214,C214AC,II,SP Barrier TO NADA SAHIB,25.9,40,52,106,6,SUB,721
67,216,C216AC,IV,ISBT-43 TO DERABASSI,25.5,20,26,95,8,SUB,5158
68,38A,C38AAC,III,ISBT-17 TO NEW AIRPORT,21.1,45,59,59,3,SUB,884
