Route No,Route Length (km),Morning Peak Headway,Afternoon Headway,Daily Ridership,Average Pax Trip Length (km),On road Fleet,Pax/Bus/Day,Actual Veh. Km,Pass. Km,Load Factor,IPK,Total Revenue (Rs),Total Expenditure (Rs),Operating Ratio
3,17,45,45,764,7.1,2,382,187,5462,0.42,4.09,9799,11317,0.87
10,19.4,20,21,1083,7.2,5,217,776,7816,0.14,1.4,21913,46964,0.47
11,7.1,30,34,240,4.5,1,240,92,1073,0.17,2.6,2679,5586,0.48
17,15.3,10,10,2695,6.9,6,449,1239,18591,0.21,2.17,40664,75002,0.54
18,15.5,16,16,1290,5.8,4,323,698,7512,0.15,1.85,24943,42213,0.59
22,19.6,10,10,4597,7.2,7,657,1548,33035,0.3,2.97,66174,106948,0.62
28,25.9,26,27,1094,8.3,4,274,751,9040,0.17,1.46,14990,40822,0.37
37,12,0,0,179,6.1,1,179,108,1095,0.14,1.66,3780,6536,0.58
71,24,15,15,2755,6.9,6,459,1200,19143,0.23,2.3,36250,72624,0.5
143,21.3,30,54,501,7.6,2,251,234,3792,0.23,2.14,7735,14180,0.55
203,18,26,30,653,7.1,4,163,288,4660,0.23,2.27,13909,17430,0.8
206,18.1,10,10,3629,8.7,7,518,1412,31746,0.32,2.57,69948,97513,0.72
240,20.4,15,25,1455,8.7,5,291,775,12670,0.23,1.88,29678,46915,0.63
241,22,11,11,3876,8,9,431,1474,31058,0.3,2.63,55597,101809,0.55
254,19.6,0,270,356,7.4,2,178,196,2637,0.19,1.82,7137,11862,0.6
239A,23.2,36,30,722,6,3,241,348,4323,0.18,2.07,13395,24036,0.56
239C,23.2,36,30,959,7.3,3,320,348,7022,0.29,2.76,19852,24036,0.83
205,11.1,9,9,2245,6,6,374,666,13539,0.29,3.37,45882,46001,1
202,13,8,8,2144,6.5,6,357,806,13894,0.25,2.66,42135,55670,0.76
1C,27.4,23,30,1407,6.6,5,281,712,9253,0.19,1.98,18480,38719,0.48
2C,38.3,23,14,2627,9.1,6,438,1379,24011,0.25,1.91,42317,83445,0.51
2D,21,23,23,992,7.4,4,248,420,7366,0.25,2.36,13981,25418,0.55
4C,31,26,34,1454,6.7,4,364,496,9716,0.28,2.93,22337,34259,0.65
7C,36,45,45,819,6.1,4,205,540,4979,0.13,1.52,10544,29349,0.36
18B,14,45,45,326,6.4,4,82,140,2091,0.21,2.33,4843,8473,0.57
23A,16,11,10,2565,5.7,7,366,1008,14576,0.21,2.54,34521,61004,0.57
28C,25.7,30,30,1217,6.2,3,406,720,7524,0.15,1.69,17246,39110,0.44
24A,9.8,0,0,176,4.8,1,176,108,841,0.11,1.63,2882,6524,0.44
24C,5.7,0,0,447,4.6,2,224,160,2058,0.18,2.8,8519,9659,0.88
1A,27.4,23,30,1125,6.9,5,225,767,7713,0.14,1.47,13829,41697,0.33
4A,31,30,39,1303,7.2,4,326,496,9430,0.27,2.63,17569,34259,0.51
7A,36,30,27,1163,6.5,4,291,792,7582,0.14,1.47,14194,43045,0.33
28A,25.7,30,30,1054,6,3,351,617,6332,0.15,1.71,15305,33523,0.46
5C,33.9,20,21,5642,6.5,8,705,1424,36902,0.37,3.96,74044,98342,0.75
2A,38.3,23,21,2591,8.4,6,432,1341,21662,0.23,1.93,36456,81127,0.45
5A,33.9,15,14,5622,6.8,8,703,1898,38103,0.29,2.96,75358,131122,0.57
Chandigarh to Mohali,,,,,,,,,,,,,,
8,25.6,18,25,613,5.5,4,153,717,3365,0.07,0.86,8067,43381,0.19
32,35,12,19,2577,10.7,6,430,1505,27466,0.26,1.71,39317,81797,0.48
36,30.9,33,38,622,12.4,4,156,494,7740,0.22,1.26,13153,26871,0.49
38,21.3,15,25,757,8.4,3,252,724,6343,0.13,1.05,15068,39360,0.38
39,24.4,5,7,6426,8,12,536,2830,51638,0.26,2.27,102375,195496,0.52
123A,19.8,10,17,1855,6.9,5,371,1049,12817,0.17,1.77,31000,63510,0.49
9C,37,21,30,1587,8.5,4,397,814,13412,0.24,1.95,23484,49263,0.48
32A,23.1,17,25,742,6.4,4,186,670,4758,0.1,1.11,10516,36409,0.29
38A,21.1,15,25,884,8,3,295,760,7038,0.13,1.16,19191,41284,0.46
9A,37,21,30,1320,7.7,4,330,740,10210,0.2,1.78,18198,44785,0.41
Chandigarh to Panchkula,,,,,,,,,,,,,,
30,21.5,9,14,2266,7.5,4,567,1312,17050,0.19,1.73,36931,79372,0.47
214,25.9,21,75,721,7.6,6,120,311,5474,0.25,2.32,13760,18810,0.73
211,22.3,21,25,909,8.9,4,227,535,8049,0.21,1.7,17192,32390,0.53
2B,22.4,14,38,1429,8.4,5,286,605,11939,0.28,2.36,22976,36602,0.63
30A,21.1,10,15,2395,7.5,5,479,1224,17937,0.21,1.96,40483,74064,0.55
30B,20.7,9,14,2379,9.3,6,397,1283,22223,0.25,1.85,44424,77671,0.57
2F,27.6,12,15,2350,9.9,6,392,1380,23334,0.24,1.7,37805,83518,0.45
Chandigarh to Zirakpur,,,,,,,,,,,,,,
26,29,14,19,1445,13.2,4,361,1073,19027,0.25,1.35,30032,64938,0.46
80,20,11,25,1644,9,5,329,780,14874,0.27,2.11,27410,47206,0.58
212,20.4,8,17,3071,11.9,6,512,1163,36438,0.45,2.64,60141,70373,0.85
213,34,28,38,1181,10.1,7,169,544,11911,0.31,2.17,21097,32923,0.64
216,25.5,7,11,5158,12.6,8,645,2168,65189,0.43,2.38,116047,149709,0.78
79,27.9,24,38,1128,10.4,4,282,530,11738,0.32,2.13,20187,32082,0.63
Chandigarh to Outside,,,,,,,,,,,,,,
20,25.6,10,15,3093,11,6,516,1229,33891,0.39,2.52,62947,66785,0.94
25,27.2,33,38,1037,11,3,346,381,11454,0.43,2.72,20055,20696,0.97
34,28,10,17,2135,12.5,9,237,1316,26709,0.29,1.62,43486,79644,0.55
35,18.3,8,11,3624,10.2,6,604,1244,36786,0.42,2.91,71951,67633,1.06
40,31,21,30,1271,11.4,3,424,806,14544,0.26,1.58,23978,43806,0.55
242,24.6,7,15,4526,8.8,8,566,1648,40045,0.35,2.75,81356,113841,0.71
20A,25.6,10,15,2145,9.6,6,358,1152,20672,0.26,1.86,35123,62611,0.56
25A,27,21,30,1246,11.3,3,415,702,14135,0.29,1.77,24273,38154,0.64
35B,19.2,8,13,3327,9.8,6,555,1286,32706,0.36,2.59,62844,69916,0.9
Total/ Average,,,,127630,,330,,59139,1079156,0.26,2.16,2143749,3631441,0.59
