Route No,Route Description,Length (km),Headway (min),Avg._Tl (km),Trip Direction,Peak Hour,Total B/A,Max. Load Link,Load Factor (at max pass volume)
3,MOULIJAGRAN - PGI,17,60,8.5,UP,Morning,86,76,1.1
3,PGI - MOULIJAGRAN,17,60,8.2,DOWN,Morning,75,54,0.8
8,PH 11 - KAIMBWALA,25.6,35,6,UP,Afternoon,50,47,0.7
8,KAIMBWALA - PH 11,25.6,35,6.1,DOWN,Morning,48,26,0.4
11,PBCIVIL SEC - ISBT17,7.1,60,4.8,UP,Morning,30,30,0.4
11,ISBT17 - PBCIVIL SEC,7.1,60,5.2,DOWN,Morning,48,48,0.7
17,APORTBEHLAN - ISBT43,15.3,20,7.6,UP,Afternoon,82,60,0.9
17,ISBT43 - APORTBEHLAN,15.3,20,6.9,DOWN,Afternoon,59,42,0.6
18,KAIMBWALA - ISBT43,15.5,30,7.6,UP,Morning,54,50,0.7
18,ISBT43 - KAIMBWALA,15.5,30,6.8,DOWN,Morning,24,23,0.3
22,IT PARK - ISBT 43,19.6,15,8.5,UP,Afternoon,128,98,1.4
22,ISBT 43 - IT PARK,19.6,15,8.1,DOWN,Afternoon,115,77,1.1
25,KHIZARABAD - ISBT17,27.2,30,14.2,UP,Morning,108,94,1.3
25,ISBT17 - KHIZARABAD,27.2,30,13.1,DOWN,Evening,58,40,0.6
28,MANSADEVI - JUJHARNAGAR,25.9,45,8.9,UP,Afternoon,47,25,0.4
28,JUJHARNAGAR - MANSADEVI,25.9,45,10.2,DOWN,Morning,64,50,0.7
30,NADA SAHIB - ISBT43,21.5,40,8.7,UP,Afternoon,55,37,0.5
30,ISBT43 - NADA SAHIB,21.5,40,9.2,DOWN,Morning,95,49,0.7
32,DERABASSI - PGI,36.2,30,12.5,UP,Afternoon,133,53,0.8
32,PGI - DERABASSI,36.2,30,12.9,DOWN,Afternoon,110,66,0.9
34,DERABASSI - PGI,28,20,14.1,UP,Afternoon,61,52,0.7
34,PGI - DERABASSI,28,20,12.7,DOWN,Afternoon,67,46,0.7
35,KHARAR - ISBT17,18.3,20,11.5,UP,Afternoon,67,63,0.9
35,ISBT17 - KHARAR,18.3,20,11.8,DOWN,Afternoon,61,54,0.8
39,SEC65PH11 - PGI,24.4,15,9.5,UP,Afternoon,108,75,1.1
39,PGI - SEC65PH11,24.4,15,9.3,DOWN,Afternoon,112,88,1.3
40,KHDERABAD - ISBT17,31,60,14.2,UP,Afternoon,94,78,1.1
40,ISBT17 - KHDERABAD,31,60,13.4,DOWN,Afternoon,71,55,0.8
71,KAMBWALA - ISBT43,24,30,7.7,UP,Afternoon,70,39,0.6
71,ISBT43 - KAMBWALA,24,30,8.2,DOWN,Afternoon,73,57,0.8
79,CHATTBIR - PGI,27.9,45,12.5,UP,Morning,90,68,1
79,PGI - CHATTBIR,27.9,45,10.3,DOWN,Morning,64,42,0.6
80,ZIRAKPUR - PGI,20,30,9.8,UP,Afternoon,92,69,1
80,PGI - ZIRAKPUR,20,30,9.4,DOWN,Morning,48,35,0.5
143,AIRP.BEHLAN - DHANAS,21.3,75,7.4,UP,Morning,42,26,0.4
143,DHANAS - AIRP.BEHLAN,21.3,75,6.8,DOWN,Morning,40,25,0.4
212,DERA BASSI - PGI,20.4,20,15,UP,Afternoon,148,104,1.5
212,PGI - DERA BASSI,20.4,20,12.1,DOWN,Afternoon,118,79,1.1
213,DERABASSI - LANDRAN,34,30,12.4,UP,Morning,67,40,0.6
213,LANDRAN - DERABASSI,34,30,10.9,DOWN,Afternoon,58,45,0.6
241,MANSA DEVI - ISBT43,22,20,9.4,UP,Afternoon,104,61,0.9
241,ISBT43 - MANSA DEVI,22,20,9.6,DOWN,Afternoon,78,65,0.9
242,SANETA - PGI,30.3,20,10.4,UP,Afternoon,141,76,1.1
242,PGI - SANETA,30.3,20,9.8,DOWN,Afternoon,79,63,0.9
10AC,MANSA DEVI - ISBT43,19.4,25,9.4,UP,Morning,66,53,0.8
10AC,ISBT43 - MANSA DEVI,19.4,25,9.3,DOWN,Afternoon,53,32,0.5
123A,MOHALI RS - PGI,19.8,30,7.7,UP,Afternoon,81,52,0.7
123A,PGI - MOHALI RS,19.8,30,8.1,DOWN,Afternoon,80,62,0.9
123AAC,MOHALI RS - PGI,19.8,95,9.3,UP,Afternoon,82,52,0.7
123AAC,PGI - MOHALI RS,19.8,95,8.9,DOWN,Afternoon,46,36,0.5
143AC,APORTBEHLAN - DHANAS,21.3,150,11.3,UP,Morning,92,79,1.1
143AC,DHANAS - APORTBEHLAN,21.3,150,7.9,DOWN,Morning,44,32,0.5
17AC,APORTBEHLAN - ISBT43,15.3,50,8.8,UP,Afternoon,55,47,0.7
17AC,ISBT43 - APORTBEHLAN,15.3,50,8.2,DOWN,Afternoon,40,29,0.4
18AC,KAIMBWALA - ISBT43,15.5,40,7.5,UP,Afternoon,34,30,0.4
18AC,ISBT43 - KAIMBWALA,15.5,40,8.1,DOWN,Afternoon,30,28,0.4
18B,HIGH COURT - ISBT43,14,30,8.6,UP,Morning,29,21,0.3
18B,ISBT43 - HIGH COURT,14,30,7.7,DOWN,Morning,52,41,0.6
1A,PGI - PGI,27.4,20,7.5,DOWN,Afternoon,146,65,0.9
1C,PGI - PGI,27.4,20,7.4,UP,Afternoon,96,54,0.8
202AC,PBCIVILSECT - ISBT 43,13,15,6.9,UP,Afternoon,46,42,0.6
202AC,ISBT 43 - PBCIVILSECT,13,15,8.2,DOWN,Afternoon,89,76,1.1
203AC,MANSA DEVI - ISBT43,18,35,9.3,UP,Morning,64,54,0.8
203AC,ISBT43 - MANSA DEVI,18,35,8.5,DOWN,Morning,50,31,0.4
205AC,PGI - ISBT 43,11.1,15,7.6,UP,Morning,57,47,0.7
205AC,ISBT 43 - PGI,11.1,15,8.2,DOWN,Afternoon,113,112,1.6
206AC,IT PARK - ISBT 43,18.01,20,9.6,UP,Afternoon,103,64,0.9
206AC,ISBT 43 - IT PARK,18.01,20,10,DOWN,Afternoon,85,71,1
20A,KHARAR - ISBT17,25.6,30,10.3,UP,Afternoon,103,78,1.1
20A,ISBT17 - KHARAR,25.6,30,11.4,DOWN,Afternoon,64,49,0.7
20AC,KHARAR - ISBT17,25.6,30,12.4,UP,Afternoon,106,90,1.3
20AC,ISBT17 - KHARAR,25.6,30,13.3,DOWN,Afternoon,143,98,1.4
211AC,CANTONMENT - PGI,22.3,40,10.8,UP,Afternoon,71,59,0.8
211AC,PGI - CANTONMENT,22.3,40,9.6,DOWN,Morning,73,42,0.6
212AC,DERA BASSI - PGI,20.4,75,13.5,UP,Afternoon,90,74,1.1
212AC,PGI - DERA BASSI,20.4,75,13.4,DOWN,Morning,88,68,1
214AC,NADA SAHIB - SARANGPUR B,22,40,9.4,UP,Afternoon,73,45,0.6
214AC,SARANGPUR B - NADA SAHIB,22,40,9.2,DOWN,Afternoon,52,37,0.5
216AC,DERABASSI - ISBT 43,25,20,14.5,UP,Afternoon,155,118,1.7
216AC,ISBT 43 - DERABASSI,25,20,14,DOWN,Afternoon,172,122,1.7
239AAC,ISBT 43 - ISBT 43,24,25,7.5,DOWN,Morning,78,62,0.9
239CAC,ISBT 43 - ISBT 43,24,25,9.8,UP,Morning,107,54,0.8
23A,KUDALISHER - ISBT43,13.8,15,6.3,UP,Afternoon,51,44,0.6
23A,ISBT43 - KUDALISHER,13.8,15,7.3,DOWN,Afternoon,51,45,0.6
240AC,MATA M DEVI - ISBT43,20.4,30,10.8,UP,Afternoon,37,28,0.4
240AC,ISBT43 - MATA M DEVI,20.4,30,9.7,DOWN,Afternoon,46,24,0.3
242AC,SANETA - PGI,30.3,50,10.5,UP,Afternoon,133,85,1.2
242AC,PGI - SANETA,30.3,50,11.1,DOWN,Afternoon,144,116,1.7
24AAC,PGI - ISBT43,9.8,80,5.2,UP,Evening,20,19,0.3
24AAC,ISBT43 - PGI,9.8,80,6.7,DOWN,Evening,36,36,0.5
24CAC,ISBT17 - ISBT43,5.7,25,5.6,UP,Evening,22,22,0.3
24CAC,ISBT43 - ISBT17,5.7,25,5.5,DOWN,Evening,43,43,0.6
254AC,IT PARK - ISBT43,19.6,70,9.9,UP,Afternoon,41,32,0.5
254AC,ISBT43 - IT PARK,19.6,70,8.4,DOWN,Afternoon,40,25,0.4
25A,KHIZERABAD - ISBT17,27,30,13.8,UP,Afternoon,101,79,1.1
25A,ISBT17 - KHIZERABAD,27,30,13.7,DOWN,Afternoon,85,63,1
26AC,DHAKOLI - DHANAS,29,45,17,UP,Afternoon,74,71,1
26AC,DHANAS - DHAKOLI,29,45,13.2,DOWN,Afternoon,84,64,0.9
28A,ISBT43 - ISBT43,25.7,30,7.4,DOWN,Afternoon,68,30,0.4
28C,ISBT43 - ISBT43,25.7,30,7.7,UP,Afternoon,84,63,0.9
2A,MANI MAJRA - MANIMAJRA,38.3,20,9.1,DOWN,Afternoon,142,61,0.9
2B,PKLBSTAND - PGI,22.4,30,10.2,UP,Morning,67,48,0.7
2B,PGI - PKLBSTAND,22.4,30,9.2,DOWN,Morning,83,64,0.9
2BAC,PKLBSTAND - PGI,22.4,110,11,UP,Morning,58,48,0.7
2BAC,PGI - PKLBSTAND,22.4,110,8.8,DOWN,Morning,52,38,0.5
2C,MANIMAJRA - MANI MAJRA,38.3,20,8.9,UP,Afternoon,119,47,0.7
2CAC,MANIMAJRA - MANI MAJRA,38.3,60,10.9,UP,Afternoon,67,29,0.4
2D,IT PARK - PGI,21,35,9,UP,Morning,74,65,0.9
2D,PGI - IT PARK,21,35,8.4,DOWN,Morning,41,22,0.3
2F,DHAKOLIBORD - PGI,27.6,30,11.2,UP,Morning,116,78,1.1
2F,PGI - DHAKOLIBORD,27.6,30,10.2,DOWN,Afternoon,75,55,0.8
2FAC,DHAKOLIBORD - PGI,27.6,120,12.8,UP,Afternoon,83,74,1.1
2FAC,PGI - DHAKOLIBORD,27.6,120,12.2,DOWN,Afternoon,55,40,0.6
30A,CANTONMENT - ISBT43,21.1,30,9,UP,Afternoon,137,67,1
30A,ISBT43 - CANTONMENT,21.1,30,8.4,DOWN,Afternoon,71,36,0.5
30AAC,CANTONMENT - ISBT43,21.1,85,10.7,UP,Afternoon,70,43,0.6
30AAC,ISBT43 - CANTONMENT,21.1,85,9.2,DOWN,Afternoon,57,43,0.6
30AC,NADA SAHIB - ISBT43,21.5,95,9.9,UP,Morning,72,41,0.6
30AC,ISBT43 - NADA SAHIB,21.5,95,10.2,DOWN,Afternoon,70,44,0.6
30B,SEC4PKL - ISBT43,20.7,25,9.3,UP,Afternoon,90,61,0.9
30B,ISBT43 - SEC4PKL,20.7,25,10.6,DOWN,Afternoon,48,32,0.5
30BAC,SEC4PKL - ISBT43,20.7,45,11.6,UP,Afternoon,51,32,0.5
30BAC,ISBT43 - SEC4PKL,20.7,45,10.8,DOWN,Afternoon,59,42,0.6
32A,MANSA DEVI - ISBT MOHALI,23.1,45,7.6,UP,Afternoon,51,27,0.4
32A,ISBT MOHALI - MANSA DEVI,23.1,45,7.9,DOWN,Afternoon,31,25,0.4
34AC,DERABASSI - PGI,28,105,16.7,UP,Afternoon,96,85,1.2
34AC,PGI - DERABASSI,28,105,14,DOWN,Afternoon,61,47,0.7
35AC,KHARAR - ISBT17,18.3,65,12,UP,Afternoon,88,76,1.1
35AC,ISBT17 - KHARAR,18.3,65,12.3,DOWN,Evening,116,114,1.6
35B,KHARAR - ISBT17,19.2,20,11.2,UP,Afternoon,86,75,1.1
35B,ISBT17 - KHARAR,19.2,20,10.9,DOWN,Afternoon,71,58,0.8
35BAC,KHARAR - ISBT17,19.2,20,11.5,UP,Afternoon,131,117,1.7
35BAC,ISBT17 - KHARAR,19.2,20,11.8,DOWN,Afternoon,125,106,1.5
36AC,NEWAIRPORT - PGI,30.9,45,13.9,UP,Afternoon,94,83,1.2
36AC,PGI - NEWAIRPORT,30.9,45,14.1,DOWN,Afternoon,66,56,0.8
37AC,R STATION - ISBT43,12,90,7.8,UP,Evening,35,34,0.5
37AC,ISBT43 - R STATION,12,90,8.1,DOWN,Evening,25,23,0.3
38AAC,NEWAIRPORT - ISBT17,21.1,45,10,UP,Afternoon,25,16,0.2
38AAC,ISBT17 - NEWAIRPORT,21.1,45,8.9,DOWN,Afternoon,52,32,0.5
38AC,NEWAIRPORT - ISBT17,21.3,45,10.8,UP,Afternoon,25,18,0.3
38AC,ISBT17 - NEWAIRPORT,21.3,45,8.5,DOWN,Afternoon,37,27,0.4
4A,ISBT 43 - ISBT 43,31,25,8.2,DOWN,Afternoon,161,84,1.2
4C,ISBT43 - ISBT43,31,25,8.1,UP,Afternoon,147,62,0.9
5A,RAM DARBAR - RAM DARBAR,33.9,15,7.5,DOWN,Afternoon,354,91,1.3
5C,RAM DARBAR - RAM DARBAR,33.9,15,7.3,UP,Afternoon,318,87,1.2
71AC,KAMBWALA - ISBT43,24,30,8.7,UP,Morning,35,26,0.4
71AC,ISBT43 - KAMBWALA,24,30,9,DOWN,Morning,52,25,0.4
79AC,CHHATBIR - PGI,27.9,45,12.7,UP,Morning,109,78,1.1
79AC,PGI - CHHATBIR,27.9,45,12.7,DOWN,Morning,61,45,0.6
7A,ISBT17 - ISBT17,36,25,7.3,DOWN,Afternoon,114,31,0.4
7C,ISBT17 - ISBT17,36,25,6.8,UP,Morning,89,42,0.6
80AC,ZIRAKPUR - PGI,20,70,11.7,UP,Morning,84,70,1
80AC,PGI - ZIRAKPUR,20,70,9.9,DOWN,Afternoon,78,58,0.8
8AC,PH 11 - KAIMBALA,25.6,140,7.4,UP,Morning,19,13,0.2
8AC,KAIMBALA - PH 11,25.6,140,9.1,DOWN,Morning,14,10,0.1
9A,MANSA DEVI - MANSA DEVI,37,30,8.9,DOWN,Afternoon,105,44,0.6
9C,MANSA DEVI - MANSA DEVI,37,30,9.6,UP,Afternoon,219,73,1
