stop_name,url
10/16  ART GALLERY 52 buses,/stop/10-16-art-gallery
12/11 (Rally Chowk) 7 buses,/stop/12-11-rally-chowk
16/10  ROSE GARDEN 34 buses,/stop/16-10-rose-garden
3 BRD (Base Repair Depot) 1 buses,/stop/3-brd-base-repair-depot
39 Grain Market 2 buses,/stop/39-grain-market
48 Motor Market/Jagatpura- 3 buses,/stop/48-motor-market-jagatpura
Aroma 42 buses,/stop/aroma
Attawa Chowk towards 43 23 buses,/stop/attawa-chowk-towards-43
Attawa Chowk towards Kissan Bhawan 23 buses,/stop/attawa-chowk-towards-kissan-bhawan
Attawa/Sector 36/42 1 buses,/stop/attawa-sector-36-42
Attawa/Sector 42/36 1 buses,/stop/attawa-sector-42-36
BACK SIDE POLICE LINE Sector 26 3 buses,/stop/back-side-police-line-sector-26
Badi Karoran 2 buses,/stop/badi-karoran
Balongi 10 buses,/stop/balongi
Baltana 9 buses,/stop/baltana
Bansawali Chungi 8 buses,/stop/bansawali-chungi
Bassi Light Point(U.T. Barrier) 2 buses,/stop/bassi-light-pointu-t-barrier
Behlana Old Airport 2 buses,/stop/behlana-old-airport
Bella Homes 1 buses,/stop/bella-homes
Bella Homes 4 buses,/stop/bella-homes
Bella Vista 11 buses,/stop/bella-vista
Bhabat 4 buses,/stop/bhabat
Bhago Majra 2 buses,/stop/bhago-majra
Bhankarpur (Down) 8 buses,/stop/bhankarpur-down
Bhankarpur (Up) 10 buses,/stop/bhankarpur-up
Bird Park 2 buses,/stop/bird-park
Block 8 buses,/stop/block
Boothgarh 8 buses,/stop/boothgarh
Brodhi 2 buses,/stop/brodhi
CTU Depot 2 1 buses,/stop/ctu-depot-2
CTU Workshop (UP) 3 buses,/stop/ctu-workshop-up
CTU Workshop 76 buses,/stop/ctu-workshop
CTU Workshop towards railway station 1 buses,/stop/ctu-workshop-towards-railway-station
CVRM DAV School 1 buses,/stop/cvrm-dav-school
CVRM DAV School 4 buses,/stop/cvrm-dav-school
Cantonment 2 buses,/stop/cantonment
Chandpur 2 buses,/stop/chandpur
Chappar Chiri 5 buses,/stop/chappar-chiri
Chatt Village 3 buses,/stop/chatt-village
Chawala Hospital Chowk (Down) 4 buses,/stop/chawala-hospital-chowk-down
Chhattbir ZOO 3 buses,/stop/chhattbir-zoo
Colony No. 4 24 buses,/stop/colony-no-4
Command Hospital (Down) 6 buses,/stop/command-hospital-down
Command Hospital (Up) 9 buses,/stop/command-hospital-up
DAV Model School Sec-7 8 buses,/stop/dav-model-school-sec-7
Daddu Majra Colony 13 buses,/stop/daddu-majra-colony
Dadu Majra Colony 2 buses,/stop/dadu-majra-colony
Dadu Majra Village 7 buses,/stop/dadu-majra-village
Daffarpur 2 buses,/stop/daffarpur
Daun (Down) 4 buses,/stop/daun-down
Daun (Up) 6 buses,/stop/daun-up
Dayalpura 3 buses,/stop/dayalpura
Depot 3 Workshop 20 buses,/stop/depot-3-workshop
Dera Bassi 20 buses,/stop/dera-bassi
Derri 2 buses,/stop/derri
Desu Majra 1 buses,/stop/desu-majra
Desumajra/Nijjar chowk 7 buses,/stop/desumajra-nijjar-chowk
Devilal chowk Panchkula 16 buses,/stop/devilal-chowk-panchkula
Dhakoli Border 10 buses,/stop/dhakoli-border
Dhanas (Down) 6 buses,/stop/dhanas-down
Dhanas (Up) 9 buses,/stop/dhanas-up
Dhanas Colony 7 buses,/stop/dhanas-colony
Dhanas near Bridge 5 buses,/stop/dhanas-near-bridge
Dolphin Chowk 2 buses,/stop/dolphin-chowk
Dosarna 2 buses,/stop/dosarna
ECO City New Chandigarh 12 buses,/stop/eco-city-new-chandigarh
Eco City-2 Block C Takipur 3 buses,/stop/eco-city-2-block-c-takipur
Eco City-2 Block D 3 buses,/stop/eco-city-2-block-d
Elante Mall (Down) 8 buses,/stop/elante-mall-down
Elante Mall (Up) 7 buses,/stop/elante-mall-up
Faidan Village 12 buses,/stop/faidan-village
Fatehgarh 2 buses,/stop/fatehgarh
Ferozpur (Down) 4 buses,/stop/ferozpur-down
Ferozpur (Up) 2 buses,/stop/ferozpur-up
Fire Brigade Phase-2 Towards Ramdarbar 4 buses,/stop/fire-brigade-phase-2-towards-ramdarbar
Fire Brigade Phase-2 Towards Sector 31 3 buses,/stop/fire-brigade-phase-2-towards-sector-31
Focal Point/Silver City 1 buses,/stop/focal-point-silver-city
Focal Point/Silver City 4 buses,/stop/focal-point-silver-city
Fortis Hospital 4 buses,/stop/fortis-hospital
Fortis-PSEB (Down) 12 buses,/stop/fortis-pseb-down
Furniture Chowk(UT Border) 4 buses,/stop/furniture-chowkut-border
G.M.C.H. 32 4 buses,/stop/g-m-c-h-32
Golden Sand Apartment Dhakoli 6 buses,/stop/golden-sand-apartment-dhakoli
Golf Range 2 buses,/stop/golf-range
Hallo Majra (Down) 26 buses,/stop/hallo-majra-down
Hallo Majra (UP) 27 buses,/stop/hallo-majra-up
High Court 15 buses,/stop/high-court
Homi Bhabha Hospital 5 buses,/stop/homi-bhabha-hospital
Hoshiarpur 11 buses,/stop/hoshiarpur
Housing Board Chowk 18 buses,/stop/housing-board-chowk
Housing Board Chowk Towards ISBT 43 37 buses,/stop/housing-board-chowk-towards-isbt-43
Housing Board Chowk Towards Panchkula 28 buses,/stop/housing-board-chowk-towards-panchkula
Housing Board Towards 9/16 5 buses,/stop/housing-board-towards-9-16
IRB Camp 2 buses,/stop/irb-camp
ISBT 17 151 buses,/stop/isbt-17
ISBT 43 121 buses,/stop/isbt-43
ISBT Mohali 10 buses,/stop/isbt-mohali
IT Park (Down) 1 buses,/stop/it-park-down
IT Park Up 5 buses,/stop/it-park-up
IVY Hospital (Down) 1 buses,/stop/ivy-hospital-down
IVY Hospital (Up) 1 buses,/stop/ivy-hospital-up
Indira Colony Down 8 buses,/stop/indira-colony-down
Indira Colony Up 7 buses,/stop/indira-colony-up
Industrial Area Phase -1/ Sector 28 20 buses,/stop/industrial-area-phase-1-sector-28
Industrial Area Phase 2 4 buses,/stop/industrial-area-phase-2
Industrial Area Phase 2 in front Tata Motors 1 buses,/stop/industrial-area-phase-2-in-front-tata-motors
Industrial Area Phase 2 near PRTC 5 buses,/stop/industrial-area-phase-2-near-prtc
Industrial Area Phase 2 near passport office 10 buses,/stop/industrial-area-phase-2-near-passport-office
Industrial Area Phase 2/Phase 1 16 buses,/stop/industrial-area-phase-2-phase-1
Industrial Area Phase-1 33 buses,/stop/industrial-area-phase-1
Jagatpura/ 48 Motor Market 8 buses,/stop/jagatpura-48-motor-market
Jal Vayu Tower 2 buses,/stop/jal-vayu-tower
Jayanti Majri 3 buses,/stop/jayanti-majri
Jhande Majra 2 buses,/stop/jhande-majra
Jhurheri 2 buses,/stop/jhurheri
K.V. School- 29 1 buses,/stop/k-v-school-29
K.V. School-31 1 buses,/stop/k-v-school-31
KFC 10 buses,/stop/kfc
Kaali Baari Mandir towards 3BRD 9 buses,/stop/kaali-baari-mandir-towards-3brd
Kaali Baari Mandir towards 47 6 buses,/stop/kaali-baari-mandir-towards-47
Kadi Majra 2 buses,/stop/kadi-majra
Kaimbwala 1 5 buses,/stop/kaimbwala-1
Kaimbwala 2 4 buses,/stop/kaimbwala-2
Kakrali 2 buses,/stop/kakrali
Kalagram Down 53 buses,/stop/kalagram-down
Kalagram Up 35 buses,/stop/kalagram-up
Kanoda 2 buses,/stop/kanoda
Kartarpur 8 buses,/stop/kartarpur
Kharar 13 buses,/stop/kharar
Khera 4 buses,/stop/khera
Khizrabad 6 buses,/stop/khizrabad
Khuda Alisher 6 buses,/stop/khuda-alisher
Khuda Lahora (Down) 17 buses,/stop/khuda-lahora-down
Khuda Lahora (Up) 13 buses,/stop/khuda-lahora-up
Khuda Lahora Bridge 5 buses,/stop/khuda-lahora-bridge
Khuda Lahora Mod (Govt. High School-Sec-12) 2 buses,/stop/khuda-lahora-mod-govt-high-school-sec-12
Kila Chungi 8 buses,/stop/kila-chungi
Kishan bhavan 3 buses,/stop/kishan-bhavan
Kishangarh Down 3 buses,/stop/kishangarh-down
Kishangarh Up 3 buses,/stop/kishangarh-up
Kubaheri 2 buses,/stop/kubaheri
Kurali 2 buses,/stop/kurali
Lake Chowk 2 buses,/stop/lake-chowk
Lakhnaur (DC Office Mohali) 11 buses,/stop/lakhnaur-dc-office-mohali
Lakhnaur 7 buses,/stop/lakhnaur
Landran (Down) 3 buses,/stop/landran-down
Landran (Up) 8 buses,/stop/landran-up
Lohgarh 7 buses,/stop/lohgarh
MLA Flats (Down) 3 buses,/stop/mla-flats-down
MLA Flats (Up) 10 buses,/stop/mla-flats-up
Madanpur (Down) 1 buses,/stop/madanpur-down
Madanpur (Up) 1 buses,/stop/madanpur-up
Madanpur 32 (Down) 3 buses,/stop/madanpur-32-down
Madanpur 32 (Up) 4 buses,/stop/madanpur-32-up
Majra/Siswan T/P 11 buses,/stop/majra-siswan-t-p
Majri Chowk 18 buses,/stop/majri-chowk
Maloya 15 buses,/stop/maloya
Maloya Mod/Anaj Mandi Towards Maloya 10 buses,/stop/maloya-mod-anaj-mandi-towards-maloya
Maloya Mod/Anaj Mandi Towards Water Works 6 buses,/stop/maloya-mod-anaj-mandi-towards-water-works
ManakPur/Sangatpura 2 buses,/stop/manakpur-sangatpura
Manauli 1 buses,/stop/manauli
Mani Majra 50 buses,/stop/mani-majra
Mani Majra Fun Republic 10 buses,/stop/mani-majra-fun-republic
Mani Majra Fun Republic(UP) 6 buses,/stop/mani-majra-fun-republicup
Mani Majra Town 11 buses,/stop/mani-majra-town
Mansa Devi Complex 2 buses,/stop/mansa-devi-complex
Mata Mansa Devi 24 buses,/stop/mata-mansa-devi
Mauli Jagran 9 buses,/stop/mauli-jagran
Mauli Nabi 1 buses,/stop/mauli-nabi
MedCity Light 5 buses,/stop/medcity-light
Milk Colony Towards Barrier 5 buses,/stop/milk-colony-towards-barrier
Milk Colony Towards Depot 3 5 buses,/stop/milk-colony-towards-depot-3
Mini Secretariat (Down) 5 buses,/stop/mini-secretariat-down
Mini Secretariat (Up) 6 buses,/stop/mini-secretariat-up
Modern Complex 12 buses,/stop/modern-complex
Moginanad/Sector 25 (Down) 3 buses,/stop/moginanad-sector-25-down
Moginanad/Sector 25 (Up) 4 buses,/stop/moginanad-sector-25-up
Mohali Bus Stand 3 buses,/stop/mohali-bus-stand
Morni T-Point 7 buses,/stop/morni-t-point
Mubarkpur 7 buses,/stop/mubarkpur
Mullanpur 23 buses,/stop/mullanpur
Mundi Kharar/Gillco 8 buses,/stop/mundi-kharar-gillco
Nabha Sahib (Down) 3 buses,/stop/nabha-sahib-down
Nabha Sahib 4 buses,/stop/nabha-sahib
Nabha Village 3 buses,/stop/nabha-village
Nada Sahib 18 buses,/stop/nada-sahib
Naya Gaon 6 buses,/stop/naya-gaon
Naya gaon Gate-1 2 buses,/stop/naya-gaon-gate-1
Naya gaon Gate-2 2 buses,/stop/naya-gaon-gate-2
Naya gaon Gate-3 2 buses,/stop/naya-gaon-gate-3
New Airport 2 buses,/stop/new-airport
New Airport Chowk- Mohali (Up) 2 buses,/stop/new-airport-chowk-mohali-up
New Maloya Colony 16 buses,/stop/new-maloya-colony
New OPD (Down) 46 buses,/stop/new-opd-down
New OPD (Up) 34 buses,/stop/new-opd-up
P.S.E.B. Sector 62 3 buses,/stop/p-s-e-b-sector-62
PGI 105 buses,/stop/pgi
PGI(UP) 5 buses,/stop/pgiup
Palsora (Chandigarh) 2 buses,/stop/palsora-chandigarh
"Parchh, Punjab 3 buses",/stop/parchh-punjab
Paroul (Down) 3 buses,/stop/paroul-down
Paroul (Up) 8 buses,/stop/paroul-up
Paultry Farm 4 buses,/stop/paultry-farm
Phase 6 - 35 6 buses,/stop/phase-6-35
Phase 8/Amb sahib 1 buses,/stop/phase-8-amb-sahib
Phase-11 (Mohali) 2 buses,/stop/phase-11-mohali
Phase-2 Bassi Theatre 4 buses,/stop/phase-2-bassi-theatre
Phase-3/5 (Down) 1 buses,/stop/phase-3-5-down
Phase-3/5 (Up) 1 buses,/stop/phase-3-5-up
Phase-6 (U.T Border) A 2 buses,/stop/phase-6-u-t-border-a
Phase-6 (U.T Border) C 4 buses,/stop/phase-6-u-t-border-c
Phase-7 (Down) 4 buses,/stop/phase-7-down
Platinum Homes/Sanauli 8 buses,/stop/platinum-homes-sanauli
Police Line Sec-25 7 buses,/stop/police-line-sec-25
Punjab Civil Secratariat 7 buses,/stop/punjab-civil-secratariat
Punjab Engineering College (PEC) 18 buses,/stop/punjab-engineering-college-pec
Railway Crossing Towards 28 Grain Market 15 buses,/stop/railway-crossing-towards-28-grain-market
Railway Crossing Towards Manimajra 46 buses,/stop/railway-crossing-towards-manimajra
Railway Crossing towards Railway Station 35 buses,/stop/railway-crossing-towards-railway-station
Railway Station (Chandigarh) 73 buses,/stop/railway-station-chandigarh
Railway Station (Mohali) 8 buses,/stop/railway-station-mohali
Raipur Kalan (U.T. Border) 11 buses,/stop/raipur-kalan-u-t-border
Raipur Khurd 35 buses,/stop/raipur-khurd
Raipur Khurd Towards Zirakpur 4 buses,/stop/raipur-khurd-towards-zirakpur
Ram Darbar 18 buses,/stop/ram-darbar
Ramgarh 13 buses,/stop/ramgarh
Rock garden Towards Sectt. 3 buses,/stop/rock-garden-towards-sectt
Rock garden towards lake 3 buses,/stop/rock-garden-towards-lake
SECTOR 46/47 4 buses,/stop/sector-46-47
SECTOR 47/46 4 buses,/stop/sector-47-46
Saketri 5 buses,/stop/saketri
Saneta 2 buses,/stop/saneta
Santemajra 5 buses,/stop/santemajra
Sarangpur Barrier (Down) 16 buses,/stop/sarangpur-barrier-down
Sarangpur Barrier (Up) 22 buses,/stop/sarangpur-barrier-up
Sarangpur School (Down) 12 buses,/stop/sarangpur-school-down
Sarangpur School (UP) 11 buses,/stop/sarangpur-school-up
Sarangpur Village (Down) 6 buses,/stop/sarangpur-village-down
Sarangpur Village (UP) 9 buses,/stop/sarangpur-village-up
Sec-39/Water Works--13 A Towards ISBT 43 6 buses,/stop/sec-39-water-works-13-a-towards-isbt-43
Sec-39/Water Works--13 C 8 buses,/stop/sec-39-water-works-13-c
Sector 10/09 near Matka Chowk 4 buses,/stop/sector-10-09-near-matka-chowk
Sector 10/11 1 buses,/stop/sector-10-11
Sector 10/11 Panchkula 8 buses,/stop/sector-10-11-panchkula
Sector 10/15 Panchkula 14 buses,/stop/sector-10-15-panchkula
Sector 10/16 General Hospital 61 buses,/stop/sector-10-16-general-hospital
Sector 10D/11 64 buses,/stop/sector-10d-11
Sector 11/10 6 buses,/stop/sector-11-10
Sector 11/10 Panchkula 2 buses,/stop/sector-11-10-panchkula
Sector 11/12 Rally Chowk Panchkula 12 buses,/stop/sector-11-12-rally-chowk-panchkula
Sector 11/15 15 buses,/stop/sector-11-15
Sector 11/4 3 buses,/stop/sector-11-4
Sector 11A/2 PEC 30 buses,/stop/sector-11a-2-pec
Sector 11B/10 70 buses,/stop/sector-11b-10
Sector 11C/10 73 buses,/stop/sector-11c-10
Sector 12 Panchkula (Down) 1 buses,/stop/sector-12-panchkula-down
Sector 12/2 1 buses,/stop/sector-12-2
Sector 12/4 Maheshpur 4 buses,/stop/sector-12-4-maheshpur
Sector 123 (Mohali) 2 buses,/stop/sector-123-mohali
Sector 125 (Mohali) 2 buses,/stop/sector-125-mohali
Sector 14/15 7 buses,/stop/sector-14-15
Sector 15 market 3 buses,/stop/sector-15-market
Sector 15/10 Panchkula 16 buses,/stop/sector-15-10-panchkula
Sector 15/11 11 buses,/stop/sector-15-11
Sector 15/14 3 buses,/stop/sector-15-14
Sector 15/24 3 buses,/stop/sector-15-24
Sector 16 Market (Down) 2 buses,/stop/sector-16-market-down
Sector 16 Market (Up) 1 buses,/stop/sector-16-market-up
Sector 16/10 General Hospital 40 buses,/stop/sector-16-10-general-hospital
Sector 16/17 39 buses,/stop/sector-16-17
Sector 16/17 near Matka Chowk 30 buses,/stop/sector-16-17-near-matka-chowk
Sector 16/23 3 buses,/stop/sector-16-23
Sector 16/9 Panchkula 16 buses,/stop/sector-16-9-panchkula
Sector 17/16 71 buses,/stop/sector-17-16
Sector 17/16 near Matka Chowk 59 buses,/stop/sector-17-16-near-matka-chowk
Sector 17/18 (Govt. Press) 13 buses,/stop/sector-17-18-govt-press
Sector 17/18 27 buses,/stop/sector-17-18
Sector 17/9 K.C (Down) 2 buses,/stop/sector-17-9-k-c-down
Sector 17/9 K.C (Up) 2 buses,/stop/sector-17-9-k-c-up
Sector 18 Market (Down) 13 buses,/stop/sector-18-market-down
Sector 18 Market (Up) 11 buses,/stop/sector-18-market-up
Sector 18/17 (Govt. Press) 6 buses,/stop/sector-18-17-govt-press
Sector 18/17 17 buses,/stop/sector-18-17
Sector 18/21 5 buses,/stop/sector-18-21
Sector 18/8 11 buses,/stop/sector-18-8
Sector 18D/17 1 buses,/stop/sector-18d-17
Sector 19 Market (Down) 11 buses,/stop/sector-19-market-down
Sector 19 Market (Up) 10 buses,/stop/sector-19-market-up
Sector 19/18 2 buses,/stop/sector-19-18
Sector 19/20 5 buses,/stop/sector-19-20
Sector 19/27 12 buses,/stop/sector-19-27
Sector 19/27A 6 buses,/stop/sector-19-27a
Sector 19/7 11 buses,/stop/sector-19-7
Sector 19C/27 11 buses,/stop/sector-19c-27
Sector 2/11A PEC 34 buses,/stop/sector-2-11a-pec
Sector 2/12 3 buses,/stop/sector-2-12
Sector 20 Market 37 buses,/stop/sector-20-market
Sector 20 Panchkula 10 buses,/stop/sector-20-panchkula
Sector 20/19 7 buses,/stop/sector-20-19
Sector 20/33 10 buses,/stop/sector-20-33
Sector 20B/30A 5 buses,/stop/sector-20b-30a
Sector 20C/30D 5 buses,/stop/sector-20c-30d
Sector 21 Market 37 buses,/stop/sector-21-market
Sector 21 Market Panchkula 10 buses,/stop/sector-21-market-panchkula
Sector 21/18 7 buses,/stop/sector-21-18
Sector 21/22 Aroma 41 buses,/stop/sector-21-22-aroma
Sector 21/34 10 buses,/stop/sector-21-34
Sector 21A/22 67 buses,/stop/sector-21a-22
Sector 22 1 buses,/stop/sector-22
Sector 22/17 67 buses,/stop/sector-22-17
Sector 22/23 34 buses,/stop/sector-22-23
Sector 22/23 Panchkula 6 buses,/stop/sector-22-23-panchkula
Sector 22/35 5 buses,/stop/sector-22-35
Sector 22C(UP/DOWN) 37 buses,/stop/sector-22cup-down
Sector 23 Market 4 buses,/stop/sector-23-market
Sector 23/16 5 buses,/stop/sector-23-16
Sector 23/22 31 buses,/stop/sector-23-22
Sector 23/24 Panchkula 6 buses,/stop/sector-23-24-panchkula
Sector 23/36 1 buses,/stop/sector-23-36
Sector 24 Market 4 buses,/stop/sector-24-market
Sector 24/15 5 buses,/stop/sector-24-15
Sector 24/25 10 buses,/stop/sector-24-25
Sector 24/25 Panchkula 6 buses,/stop/sector-24-25-panchkula
Sector 24/37 2 buses,/stop/sector-24-37
Sector 25 near Dental College 10 buses,/stop/sector-25-near-dental-college
Sector 25/24 10 buses,/stop/sector-25-24
Sector 25/38 Light Point 6 buses,/stop/sector-25-38-light-point
Sector 26 Panchkula 6 buses,/stop/sector-26-panchkula
Sector 26 Polytechnic College Panchkula 6 buses,/stop/sector-26-polytechnic-college-panchkula
Sector 26/27 25 buses,/stop/sector-26-27
Sector 26/27 Outer Panchkula 13 buses,/stop/sector-26-27-outer-panchkula
Sector 26/28 Grain Market 32 buses,/stop/sector-26-28-grain-market
Sector 26/7 6 buses,/stop/sector-26-7
Sector 27 Market (Down) 12 buses,/stop/sector-27-market-down
Sector 27 Market (Up) 14 buses,/stop/sector-27-market-up
Sector 27/19 11 buses,/stop/sector-27-19
Sector 27/19C 10 buses,/stop/sector-27-19c
Sector 27/26 19 buses,/stop/sector-27-26
Sector 27/28 3 buses,/stop/sector-27-28
Sector 27/28 Panchkula 6 buses,/stop/sector-27-28-panchkula
Sector 27/30 5 buses,/stop/sector-27-30
Sector 27A/19 6 buses,/stop/sector-27a-19
Sector 28 Market (Down) 8 buses,/stop/sector-28-market-down
Sector 28 Market (Up) 12 buses,/stop/sector-28-market-up
Sector 28 Petrol Pump (Down) 3 buses,/stop/sector-28-petrol-pump-down
Sector 28 Petrol Pump (Up) 3 buses,/stop/sector-28-petrol-pump-up
Sector 28/26 Grain Market 27 buses,/stop/sector-28-26-grain-market
Sector 28/27 4 buses,/stop/sector-28-27
Sector 28/29 5 buses,/stop/sector-28-29
Sector 29 Market (Down) 6 buses,/stop/sector-29-market-down
Sector 29 Market (Up) 4 buses,/stop/sector-29-market-up
Sector 29/ Industrial Area Phase-1 1 buses,/stop/sector-29-industrial-area-phase-1
Sector 29/28 6 buses,/stop/sector-29-28
Sector 29/30 2 buses,/stop/sector-29-30
Sector 29/31 (Tribune) 13 buses,/stop/sector-29-31-tribune
Sector 29/31 (Tribune) Down 5 buses,/stop/sector-29-31-tribune-down
Sector 30 Market 13 buses,/stop/sector-30-market
Sector 30/27 7 buses,/stop/sector-30-27
Sector 30/29 3 buses,/stop/sector-30-29
Sector 30/32 Hospital 15 buses,/stop/sector-30-32-hospital
Sector 30A/20B 4 buses,/stop/sector-30a-20b
Sector 30D/20C 4 buses,/stop/sector-30d-20c
Sector 30D/32 16 buses,/stop/sector-30d-32
Sector 31 Market 2 buses,/stop/sector-31-market
Sector 31/29 (Tribune) 16 buses,/stop/sector-31-29-tribune
Sector 31/32 Market 4 buses,/stop/sector-31-32-market
Sector 32 Market 3 buses,/stop/sector-32-market
Sector 32/30 Hospital 14 buses,/stop/sector-32-30-hospital
Sector 32/30D 13 buses,/stop/sector-32-30d
Sector 32/31 4 buses,/stop/sector-32-31
Sector 32/31 S.D. College 8 buses,/stop/sector-32-31-s-d-college
Sector 32/33 5 buses,/stop/sector-32-33
Sector 32A/33 1 buses,/stop/sector-32a-33
Sector 33 Market 3 buses,/stop/sector-33-market
Sector 33/20 9 buses,/stop/sector-33-20
Sector 33/32 4 buses,/stop/sector-33-32
Sector 33/34 3 buses,/stop/sector-33-34
Sector 33/34 Labour chowk 4 buses,/stop/sector-33-34-labour-chowk
Sector 33D/32A 1 buses,/stop/sector-33d-32a
Sector 34 Market 3 buses,/stop/sector-34-market
Sector 34/21 9 buses,/stop/sector-34-21
Sector 34/33 2 buses,/stop/sector-34-33
Sector 34/35 19 buses,/stop/sector-34-35
Sector 34A/35B JW Marriot 20 buses,/stop/sector-34a-35b-jw-marriot
Sector 34D/35C 20 buses,/stop/sector-34d-35c
Sector 35/22 5 buses,/stop/sector-35-22
Sector 35/34 16 buses,/stop/sector-35-34
Sector 35/34 Light Point 3 buses,/stop/sector-35-34-light-point
Sector 35/36 Flower Market 25 buses,/stop/sector-35-36-flower-market
Sector 35/36 Kissan bhawan 32 buses,/stop/sector-35-36-kissan-bhawan
Sector 35B/34A JW Marriot 18 buses,/stop/sector-35b-34a-jw-marriot
Sector 35C/34D 18 buses,/stop/sector-35c-34d
Sector 36 Market 3 buses,/stop/sector-36-market
Sector 36/23 Kissan bhawan 2 buses,/stop/sector-36-23-kissan-bhawan
Sector 36/35 Flower Market 25 buses,/stop/sector-36-35-flower-market
Sector 36/35 Kissan Bhawan 28 buses,/stop/sector-36-35-kissan-bhawan
Sector 36/37 3 buses,/stop/sector-36-37
Sector 36B/36C 2 buses,/stop/sector-36b-36c
Sector 37 A Bhaskar Chowk 1 buses,/stop/sector-37-a-bhaskar-chowk
Sector 37 Market (Down) 4 buses,/stop/sector-37-market-down
Sector 37 Market (Up) 2 buses,/stop/sector-37-market-up
Sector 37/24 3 buses,/stop/sector-37-24
Sector 37/36 2 buses,/stop/sector-37-36
Sector 37/38 2 buses,/stop/sector-37-38
Sector 37/41 1 buses,/stop/sector-37-41
Sector 38 Market 6 buses,/stop/sector-38-market
Sector 38 West 8 buses,/stop/sector-38-west
Sector 38 West Light Point 5 buses,/stop/sector-38-west-light-point
Sector 38/25 5 buses,/stop/sector-38-25
Sector 38/25 Light Point 8 buses,/stop/sector-38-25-light-point
Sector 38/37 4 buses,/stop/sector-38-37
Sector 38/39 1 buses,/stop/sector-38-39
Sector 38/40 2 buses,/stop/sector-38-40
Sector 39 Market 3 buses,/stop/sector-39-market
Sector 39/38 west 1 buses,/stop/sector-39-38-west
Sector 39/40 Towards Sector 25 West 1 buses,/stop/sector-39-40-towards-sector-25-west
Sector 39/56 1 buses,/stop/sector-39-56
Sector 4 Panchkula 22 buses,/stop/sector-4-panchkula
Sector 4/11 3 buses,/stop/sector-4-11
Sector 4/12 Maheshpur 3 buses,/stop/sector-4-12-maheshpur
Sector 40 Market 3 buses,/stop/sector-40-market
Sector 40/38 1 buses,/stop/sector-40-38
Sector 40/39 2 buses,/stop/sector-40-39
Sector 40/41 3 buses,/stop/sector-40-41
Sector 40/55 1 buses,/stop/sector-40-55
Sector 40C/41 4 buses,/stop/sector-40c-41
Sector 41 Market Towards 40 3 buses,/stop/sector-41-market-towards-40
Sector 41 Market Towards 42 3 buses,/stop/sector-41-market-towards-42
Sector 41/37 2 buses,/stop/sector-41-37
Sector 41/40 2 buses,/stop/sector-41-40
Sector 41/40 Market 3 buses,/stop/sector-41-40-market
Sector 41/42 5 buses,/stop/sector-41-42
Sector 41A/40B 4 buses,/stop/sector-41a-40b
Sector 42 Market towards ISBT 43 3 buses,/stop/sector-42-market-towards-isbt-43
Sector 42 Market towards Sector 41 7 buses,/stop/sector-42-market-towards-sector-41
Sector 42/43 24 buses,/stop/sector-42-43
Sector 42/53 2 buses,/stop/sector-42-53
Sector 43/42 19 buses,/stop/sector-43-42
Sector 43/42- 6 buses,/stop/sector-43-42
Sector 43/44 19 buses,/stop/sector-43-44
Sector 43/44 near 43 Chowk 6 buses,/stop/sector-43-44-near-43-chowk
Sector 43C 21 buses,/stop/sector-43c
Sector 43C/44 27 buses,/stop/sector-43c-44
Sector 44 Market towards 45 10 buses,/stop/sector-44-market-towards-45
Sector 44 market towards 43 4 buses,/stop/sector-44-market-towards-43
Sector 44/43 22 buses,/stop/sector-44-43
Sector 44/45 3 buses,/stop/sector-44-45
Sector 44/51(Colony No. 5) 3 buses,/stop/sector-44-51colony-no-5
Sector 44A/43 15 buses,/stop/sector-44a-43
Sector 44C Gaushala 4 buses,/stop/sector-44c-gaushala
Sector 45 Market 19 buses,/stop/sector-45-market
Sector 45/44 Towards ISBT 43 2 buses,/stop/sector-45-44-towards-isbt-43
Sector 45/44 Up Towards Sukhna Lake 1 buses,/stop/sector-45-44-up-towards-sukhna-lake
Sector 45/46 5 buses,/stop/sector-45-46
Sector 45A/44B 4 buses,/stop/sector-45a-44b
Sector 45D/44 4 buses,/stop/sector-45d-44
Sector 46 Market (Down) 7 buses,/stop/sector-46-market-down
Sector 46 Market (Up) 9 buses,/stop/sector-46-market-up
Sector 46/45 5 buses,/stop/sector-46-45
Sector 46A/45 5 buses,/stop/sector-46a-45
Sector 47 Market (Down) 6 buses,/stop/sector-47-market-down
Sector 47 Market - Up 10 buses,/stop/sector-47-market-up
Sector 47 Outer Towards Ramdarbar 6 buses,/stop/sector-47-outer-towards-ramdarbar
Sector 47C (Down) (Near Gurudwara) 1 buses,/stop/sector-47c-down-near-gurudwara
Sector 48/49 (U.T. Border) (Down) 3 buses,/stop/sector-48-49-u-t-border-down
Sector 48B (UP) 1 buses,/stop/sector-48b-up
Sector 49 Market (UP) 1 buses,/stop/sector-49-market-up
Sector 49/48 (UT Border) (Up) 2 buses,/stop/sector-49-48-ut-border-up
Sector 49A/50B 5 buses,/stop/sector-49a-50b
Sector 50 Market (Down) 5 buses,/stop/sector-50-market-down
Sector 50 Market (UP) 4 buses,/stop/sector-50-market-up
Sector 50/45 2 buses,/stop/sector-50-45
Sector 50/51 8 buses,/stop/sector-50-51
Sector 50B/49A 5 buses,/stop/sector-50b-49a
Sector 50D/51 5 buses,/stop/sector-50d-51
Sector 51 Market 13 buses,/stop/sector-51-market
Sector 51/44(Colony No. 5) 3 buses,/stop/sector-51-44colony-no-5
Sector 51/50 1 buses,/stop/sector-51-50
Sector 51/52 5 buses,/stop/sector-51-52
Sector 51A 10 buses,/stop/sector-51a
Sector 52/51 5 buses,/stop/sector-52-51
Sector 52/53 1 buses,/stop/sector-52-53
Sector 53 near school 2 buses,/stop/sector-53-near-school
Sector 53/42 2 buses,/stop/sector-53-42
Sector 53/52 1 buses,/stop/sector-53-52
Sector 53A near Mohali Barrier 2 buses,/stop/sector-53a-near-mohali-barrier
Sector 55 Phase 1 (35) 4 buses,/stop/sector-55-phase-1-35
Sector 55/40 1 buses,/stop/sector-55-40
Sector 55/Phase-1 2 buses,/stop/sector-55-phase-1
Sector 56/39 1 buses,/stop/sector-56-39
Sector 61/62 3 buses,/stop/sector-61-62
Sector 62/61 3 buses,/stop/sector-62-61
Sector 62/63(U.T. Border) 11 buses,/stop/sector-62-63u-t-border
Sector 63/62(U.T. Border) 7 buses,/stop/sector-63-62u-t-border
Sector 63/64 6 buses,/stop/sector-63-64
Sector 63/Phase-9 13 buses,/stop/sector-63-phase-9
Sector 64 Market/Phase 10 6 buses,/stop/sector-64-market-phase-10
Sector 64/63 1 buses,/stop/sector-64-63
Sector 65/Phase 11 19 buses,/stop/sector-65-phase-11
Sector 66 Market 3 buses,/stop/sector-66-market
Sector 66/81(IISER) 4 buses,/stop/sector-66-81iiser
Sector 66/Industrial Area 7 buses,/stop/sector-66-industrial-area
Sector 66A/82 1 buses,/stop/sector-66a-82
Sector 67 Market 3 buses,/stop/sector-67-market
Sector 67/68 3 buses,/stop/sector-67-68
Sector 67/80 4 buses,/stop/sector-67-80
Sector 68/67 4 buses,/stop/sector-68-67
Sector 68/69 5 buses,/stop/sector-68-69
Sector 68/79 4 buses,/stop/sector-68-79
Sector 69/68 4 buses,/stop/sector-69-68
Sector 69/70 2 buses,/stop/sector-69-70
Sector 7 Market 8 buses,/stop/sector-7-market
Sector 7/19 15 buses,/stop/sector-7-19
Sector 7/26 2 buses,/stop/sector-7-26
Sector 70/69 4 buses,/stop/sector-70-69
Sector 79/68 3 buses,/stop/sector-79-68
Sector 8/17 Panchkula 1 buses,/stop/sector-8-17-panchkula
Sector 8/18 5 buses,/stop/sector-8-18
Sector 8/5 2 buses,/stop/sector-8-5
Sector 8/9 1 buses,/stop/sector-8-9
Sector 80/67 5 buses,/stop/sector-80-67
Sector 81/66(IISER) 6 buses,/stop/sector-81-66iiser
Sector 82/66 Aero City 2 buses,/stop/sector-82-66-aero-city
Sector 82/66A 1 buses,/stop/sector-82-66a
Sector 82/81 1 buses,/stop/sector-82-81
Sector 83/Saini Majra 1 buses,/stop/sector-83-saini-majra
Sector 8D/18 19 buses,/stop/sector-8d-18
Sector 9 Market (Up) 1 buses,/stop/sector-9-market-up
Sector 9/16 Panchkula 14 buses,/stop/sector-9-16-panchkula
Sector 9/17 2 buses,/stop/sector-9-17
Sector 9/8 1 buses,/stop/sector-9-8
Sector 9D/17 1 buses,/stop/sector-9d-17
Shafipur Overbridge 2 buses,/stop/shafipur-overbridge
Sialba Majri 6 buses,/stop/sialba-majri
Singhpura (Down) 10 buses,/stop/singhpura-down
Singhpura (UP) 8 buses,/stop/singhpura-up
Siyonk/Soonak 3 buses,/stop/siyonk-soonak
Sohana 13 buses,/stop/sohana
Sohana Light Point 2 buses,/stop/sohana-light-point
Sri Guru Gobind Singh Sr. Sec. School 1 buses,/stop/sri-guru-gobind-singh-sr-sec-school
Sukhna Lake 12 buses,/stop/sukhna-lake
Sushma Square 8 buses,/stop/sushma-square
Takipur 8 buses,/stop/takipur
Tangori 2 buses,/stop/tangori
Tank Chowk 15 buses,/stop/tank-chowk
Tanki Mod 2 buses,/stop/tanki-mod
Transport Chowk (Down) 18 buses,/stop/transport-chowk-down
Transport Chowk (Up) 17 buses,/stop/transport-chowk-up
Tribune Chowk / Industrial Phase 1/2 20 buses,/stop/tribune-chowk-industrial-phase-1-2
Tribune Chowk 4 buses,/stop/tribune-chowk
U.T. GUEST HOUSE 1 buses,/stop/u-t-guest-house
UT Secretariat Towards High Court 8 buses,/stop/ut-secretariat-towards-high-court
UT Secretariat Towards ISBT 43 10 buses,/stop/ut-secretariat-towards-isbt-43
Victoria Enclave Zirakpur 4 buses,/stop/victoria-enclave-zirakpur
Vikas Nagar 12 buses,/stop/vikas-nagar
Village Nada Bridge 2 buses,/stop/village-nada-bridge
Village Singha Devi Bridge 2 buses,/stop/village-singha-devi-bridge
Vishal Enclave 2 buses,/stop/vishal-enclave
YPS CHOWK (Down) 6 buses,/stop/yps-chowk-down
YPS Chowk (Up) 3 buses,/stop/yps-chowk-up
YPS/Sector 52/61 2 buses,/stop/yps-sector-52-61
YPS/Sector 61/52 3 buses,/stop/yps-sector-61-52
Zirakpur (Down) 19 buses,/stop/zirakpur-down
Zirakpur (Up) 20 buses,/stop/zirakpur-up
Zirakpur Bus Stand 7 buses,/stop/zirakpur-bus-stand
sector 20/21 6 buses,/stop/sector-20-21
sector 21/20 3 buses,/stop/sector-21-20
