osm_id,stop_name,latitude,longitude,operator,route_ref,highway,public_transport
11053565187,37/38 Bus Stop,30.741869,76.74869,ctu,,bus_stop,platform
11053544182,38/37 Bus Stop,30.7413227,76.7473814,ctu,,bus_stop,platform
10720610242,Bus Stand Zirakpur,30.6272036,76.8241585,,,bus_stop,
1041047045,"Bus Stop, Sector 34-A",30.7247451,76.7660614,,,bus_stop,platform
4336755819,CTU Local Bus Stop,30.7367424,76.7780186,,,bus_stop,platform
1151399482,Chandigarh Railway Station,30.7025129,76.8192251,,,,platform
10000240246,Housing Board Chowk,30.7076089,76.8360406,,,bus_stop,platform
1425480419,ISBT,30.7163272,76.7426917,,,bus_stop,platform
10721203366,Industrial Area Phase 1 - Sector 12A,30.6734219,76.8455236,,,bus_stop,platform
10203818459,Industrial Area Phase 1 and 2,30.6745051,76.83349,,,bus_stop,platform
10203790384,Industrial Area Phase 2 and 1,30.6746907,76.8333792,,,bus_stop,platform
604092099,Lake Boating Pier,30.7449478,76.8107425,,,,platform
469356928,Lake Boating Pier,30.744619,76.8109314,,,,platform
10586578799,Madanpur Bus Stop,30.6648485,76.8897179,,,bus_stop,platform
10593821464,Majri Chowk,30.6998288,76.8738318,,,bus_stop,platform
10593821463,Majri Chowk,30.6994773,76.8732761,,,bus_stop,platform
10588222083,Nada Sahib Bus Stop,30.6957242,76.8835755,,,bus_stop,platform
11053559568,PGI,30.7600181,76.7752879,ctu,,bus_stop,platform
1763327717,Phase-XI,30.6782618,76.7480022,,,bus_stop,
288644314,Platform 1,30.7015825,76.8215182,,,,platform
287880887,Platform 2-3,30.7009341,76.8214955,,,,platform
287880884,Platform 4-5,30.7008745,76.8217306,,,,platform
1169250073,Platform 6,30.7016821,76.8222165,Indian Railway,,,platform
5761967091,Sas Nagar,30.6904366,76.7116208,,,bus_stop,platform
10050869075,Sector 10-15,30.6879473,76.8442363,,,bus_stop,platform
10709295616,Sector 11-10,30.6877334,76.8499109,,,bus_stop,platform
10270961647,Sector 11-12,30.6839925,76.8557649,,,bus_stop,platform
10270882882,Sector 11-14,30.6819628,76.849597,,,bus_stop,platform
10050889313,Sector 11-15,30.6850931,76.8459084,,,bus_stop,platform
10000277124,Sector 12,30.6802356,76.8522033,,,bus_stop,platform
10050216604,Sector 12-14,30.6796154,76.8511503,,,bus_stop,platform
11189621839,Sector 12-4,30.6839377,76.8611145,,,bus_stop,platform
10268979403,"Sector 14, Industrial Area Phase 1",30.6759812,76.8430967,,,bus_stop,platform
10296404265,Sector 14-11,30.6814337,76.8499396,,,bus_stop,platform
10203811601,Sector 14-15,30.682036,76.8435252,,,bus_stop,platform
10050954752,Sector 15-10,30.6877204,76.8440607,,,bus_stop,platform
10203806772,Sector 15-14,30.6826501,76.8439152,,,bus_stop,platform
10861669326,Sector 15-16,30.6889227,76.837377,,,bus_stop,platform
10050941972,Sector 16-9,30.6939516,76.8408661,,,bus_stop,platform
10050939906,Sector 17-8,30.6992887,76.8394271,,,bus_stop,platform
11088452432,Sector 24,30.6667253,76.8808476,,,bus_stop,platform
11088452425,Sector 25,30.6699904,76.8847331,,,bus_stop,platform
4306384689,Sector 43-44 road,30.7153735,76.7504965,CTU,,bus_stop,platform
10050998634,Sector 8-17,30.6993739,76.8396419,,,bus_stop,platform
10050993903,Sector 9-16,30.6938257,76.841127,,,bus_stop,platform
